INSERT INTO RESTAURANT (ID,ADDRESS,NAME,CUISINE_TYPE) VALUES(1,'REST','viale paoli 24','CINESE');
INSERT INTO RESTAURANT (ID,ADDRESS,NAME,CUISINE_TYPE) VALUES(2,'REST2','viale paoli 24','ITALIANO');
INSERT INTO RESTAURANT (ID,ADDRESS,NAME,CUISINE_TYPE) VALUES(3,'REST3','viale paoli 24','CANADESE');


INSERT INTO DAY (ID,DAY_OF_WEEK,RESTAURANT_ID) VALUES (1,'MONDAY',1);
INSERT INTO OPEN_DETAILS (ID,START,END,TYPE,DAY_ID) VALUES(1,'11:30','14:30','OPEN',1);
INSERT INTO OPEN_DETAILS (ID,START,END,TYPE,DAY_ID) VALUES(2,'18:30','23:00','OPEN',1);

INSERT INTO DAY (ID,DAY_OF_WEEK,RESTAURANT_ID) VALUES (2,'TUESDAY',1);
INSERT INTO OPEN_DETAILS (ID,START,END,TYPE,DAY_ID) VALUES(3,'11:30','14:30','OPEN',2);

INSERT INTO DAY (ID,DAY_OF_WEEK,RESTAURANT_ID) VALUES (3,'WEDNESDAY',1);
INSERT INTO OPEN_DETAILS (ID,START,END,TYPE,DAY_ID) VALUES(5,'11:30','14:30','OPEN',3);

INSERT INTO DAY (ID,DAY_OF_WEEK,RESTAURANT_ID) VALUES (4,'THURSDAY',1);
INSERT INTO OPEN_DETAILS (ID,START,END,TYPE,DAY_ID) VALUES(7,'11:30','14:30','OPEN',4);

INSERT INTO DAY (ID,DAY_OF_WEEK,RESTAURANT_ID) VALUES (5,'FRIDAY',1);
INSERT INTO OPEN_DETAILS (ID,START,END,TYPE,DAY_ID) VALUES(9,'11:30','14:30','OPEN',5);

INSERT INTO DAY (ID,DAY_OF_WEEK,RESTAURANT_ID) VALUES (6,'SATURDAY',1);
INSERT INTO OPEN_DETAILS (ID,START,END,TYPE,DAY_ID) VALUES(11,'11:30','14:30','OPEN',6);

INSERT INTO DAY (ID,DAY_OF_WEEK,RESTAURANT_ID) VALUES (7,'SUNDAY',1);
INSERT INTO OPEN_DETAILS (ID,START,END,TYPE,DAY_ID) VALUES(13,'11:30','14:30','OPEN',7);
INSERT INTO OPEN_DETAILS (ID,START,END,TYPE,DAY_ID) VALUES(14,'18:30','23:00','OPEN',7);


INSERT INTO DAY (ID,DAY_OF_WEEK,RESTAURANT_ID) VALUES (11,'MONDAY',2);
INSERT INTO OPEN_DETAILS (ID,START,END,TYPE,DAY_ID) VALUES(15,'11:30','14:30','OPEN',11);
INSERT INTO OPEN_DETAILS (ID,START,END,TYPE,DAY_ID) VALUES(16,'18:30','23:00','OPEN',11);

INSERT INTO DAY (ID,DAY_OF_WEEK,RESTAURANT_ID) VALUES (12,'TUESDAY',2);
INSERT INTO OPEN_DETAILS (ID,START,END,TYPE,DAY_ID) VALUES(17,'11:30','14:30','OPEN',12);
INSERT INTO OPEN_DETAILS (ID,START,END,TYPE,DAY_ID) VALUES(18,'18:30','23:00','OPEN',12);

INSERT INTO DAY (ID,DAY_OF_WEEK,RESTAURANT_ID) VALUES (13,'WEDNESDAY',2);
INSERT INTO OPEN_DETAILS (ID,START,END,TYPE,DAY_ID) VALUES(19,'11:30','14:30','OPEN',13);
INSERT INTO OPEN_DETAILS (ID,START,END,TYPE,DAY_ID) VALUES(20,'18:30','23:00','OPEN',13);

INSERT INTO DAY (ID,DAY_OF_WEEK,RESTAURANT_ID) VALUES (14,'THURSDAY',2);
INSERT INTO OPEN_DETAILS (ID,START,END,TYPE,DAY_ID) VALUES(21,'11:30','14:30','OPEN',14);
INSERT INTO OPEN_DETAILS (ID,START,END,TYPE,DAY_ID) VALUES(22,'18:30','23:00','OPEN',14);

INSERT INTO DAY (ID,DAY_OF_WEEK,RESTAURANT_ID) VALUES (15,'FRIDAY',2);
INSERT INTO OPEN_DETAILS (ID,START,END,TYPE,DAY_ID) VALUES(23,'11:30','14:30','OPEN',15);
INSERT INTO OPEN_DETAILS (ID,START,END,TYPE,DAY_ID) VALUES(24,'18:30','23:00','OPEN',15);

INSERT INTO DAY (ID,DAY_OF_WEEK,RESTAURANT_ID) VALUES (16,'SATURDAY',2);
INSERT INTO OPEN_DETAILS (ID,START,END,TYPE,DAY_ID) VALUES(25,'11:30','14:30','OPEN',16);
INSERT INTO OPEN_DETAILS (ID,START,END,TYPE,DAY_ID) VALUES(26,'18:30','23:00','OPEN',16);

INSERT INTO DAY (ID,DAY_OF_WEEK,RESTAURANT_ID) VALUES (17,'SUNDAY',2);
INSERT INTO OPEN_DETAILS (ID,START,END,TYPE,DAY_ID) VALUES(27,'11:30','14:30','OPEN',17);
INSERT INTO OPEN_DETAILS (ID,START,END,TYPE,DAY_ID) VALUES(28,'18:30','23:00','OPEN',17);

INSERT INTO DAY (ID,DAY_OF_WEEK,RESTAURANT_ID) VALUES (21,'MONDAY',3);
INSERT INTO OPEN_DETAILS (ID,START,END,TYPE,DAY_ID) VALUES(29,'11:30','14:30','OPEN',21);
INSERT INTO OPEN_DETAILS (ID,START,END,TYPE,DAY_ID) VALUES(30,'18:30','23:00','OPEN',21);

INSERT INTO DAY (ID,DAY_OF_WEEK,RESTAURANT_ID) VALUES (22,'TUESDAY',3);
INSERT INTO OPEN_DETAILS (ID,START,END,TYPE,DAY_ID) VALUES(31,'11:30','14:30','OPEN',22);
INSERT INTO OPEN_DETAILS (ID,START,END,TYPE,DAY_ID) VALUES(32,'18:30','23:00','OPEN',22);

INSERT INTO DAY (ID,DAY_OF_WEEK,RESTAURANT_ID) VALUES (23,'WEDNESDAY',3);
INSERT INTO OPEN_DETAILS (ID,START,END,TYPE,DAY_ID) VALUES(33,'11:30','14:30','OPEN',23);
INSERT INTO OPEN_DETAILS (ID,START,END,TYPE,DAY_ID) VALUES(34,'18:30','23:00','OPEN',23);

INSERT INTO DAY (ID,DAY_OF_WEEK,RESTAURANT_ID) VALUES (24,'THURSDAY',3);
INSERT INTO OPEN_DETAILS (ID,START,END,TYPE,DAY_ID) VALUES(35,'11:30','14:30','OPEN',24);
INSERT INTO OPEN_DETAILS (ID,START,END,TYPE,DAY_ID) VALUES(36,'18:30','23:00','OPEN',24);

INSERT INTO DAY (ID,DAY_OF_WEEK,RESTAURANT_ID) VALUES (25,'FRIDAY',3);
INSERT INTO OPEN_DETAILS (ID,START,END,TYPE,DAY_ID) VALUES(37,'11:30','14:30','OPEN',25);
INSERT INTO OPEN_DETAILS (ID,START,END,TYPE,DAY_ID) VALUES(38,'18:30','23:00','OPEN',25);


INSERT INTO DAY (ID,DAY_OF_WEEK,RESTAURANT_ID) VALUES (26,'SATURDAY',3);
INSERT INTO OPEN_DETAILS (ID,START,END,TYPE,DAY_ID) VALUES(39,'11:30','14:30','OPEN',26);
INSERT INTO OPEN_DETAILS (ID,START,END,TYPE,DAY_ID) VALUES(40,'18:30','23:00','OPEN',26);

INSERT INTO DAY (ID,DAY_OF_WEEK,RESTAURANT_ID) VALUES (27,'SUNDAY',3);
INSERT INTO OPEN_DETAILS (ID,START,END,TYPE,DAY_ID) VALUES(41,'11:30','14:30','OPEN',27);
INSERT INTO OPEN_DETAILS (ID,START,END,TYPE,DAY_ID) VALUES(42,'18:30','23:00','OPEN',27);

